GROUP,PACKAGE,CLASS,INSTRUCTION_MISSED,INSTRUCTION_COVERED,BRANCH_MISSED,BRANCH_COVERED,LINE_MISSED,LINE_COVERED,COMPLEXITY_MISSED,COMPLEXITY_COVERED,METHOD_MISSED,METHOD_COVERED
ims,com.qa.ims.exceptions,CustomerNotFoundException,3,0,0,0,1,0,1,0,1,0
ims,com.qa.ims.controller,ItemController,0,138,0,2,0,35,0,7,0,6
ims,com.qa.ims.controller,Action,119,0,4,0,21,0,7,0,5,0
ims,com.qa.ims.controller,CustomerController,0,117,0,2,0,31,0,7,0,6
ims,com.qa.ims.controller,OrderController,58,234,7,13,13,61,5,16,0,11
ims,com.qa.ims,IMS,146,0,17,0,47,0,18,0,6,0
ims,com.qa.ims,Runner,16,0,0,0,6,0,3,0,3,0
ims,com.qa.ims.persistence.dao,CustomerDAO,5,236,0,2,1,67,0,10,0,9
ims,com.qa.ims.persistence.dao,OrderDAO,18,447,1,9,7,124,1,19,0,15
ims,com.qa.ims.persistence.dao,ItemDAO,5,260,0,2,1,70,0,10,0,9
ims,com.qa.ims.persistence,OrderBuilder,5,51,1,1,1,15,1,7,0,7
ims,com.qa.ims.persistence,CustomerBuilder,0,28,0,0,0,8,0,5,0,5
ims,com.qa.ims.persistence,Money,22,102,5,5,4,20,6,10,1,10
ims,com.qa.ims.persistence,ItemBuilder,0,36,0,0,0,11,0,6,0,6
ims,com.qa.ims.utils,DBUtilsPool,26,162,2,6,11,39,2,12,0,10
ims,com.qa.ims.utils,Utils,140,5,16,0,59,2,16,1,8,1
ims,com.qa.ims.persistence.domain,Order,9,212,7,15,3,44,7,19,0,15
ims,com.qa.ims.persistence.domain,Domain,105,0,2,0,19,0,6,0,5,0
ims,com.qa.ims.persistence.domain,Item,4,142,5,9,2,29,5,15,0,13
ims,com.qa.ims.persistence.domain,Customer,17,153,10,20,8,38,9,17,0,11
